Currency,Date,Closing Price (USD),24h Open (USD),24h High (USD),24h Low (USD)
DOGE,1/1/2020,0.002028956,0.00202472,0.002033996,0.001965275
DOGE,1/2/2020,0.002051001,0.002029054,0.002075524,0.001967049
DOGE,1/3/2020,0.001982176,0.00205085,0.002055195,0.001948695
DOGE,1/4/2020,0.002035353,0.001982176,0.002050693,0.001953808
DOGE,1/5/2020,0.002059966,0.002035349,0.002102834,0.00199761
DOGE,1/6/2020,0.002086557,0.002059914,0.00212043,0.002016178
DOGE,1/7/2020,0.00211363,0.002086581,0.002170761,0.002050909
DOGE,1/8/2020,0.002129926,0.002113825,0.002196554,0.002100727
DOGE,1/9/2020,0.002135763,0.002130012,0.002251421,0.002046236
DOGE,1/10/2020,0.002114771,0.002135971,0.002201651,0.002026751
DOGE,1/11/2020,0.002188044,0.002115028,0.002243967,0.002092373
DOGE,1/12/2020,0.002176286,0.002188044,0.002259001,0.002123296
DOGE,1/13/2020,0.002208545,0.002176091,0.002256124,0.002129299
DOGE,1/14/2020,0.002144194,0.002208616,0.002251591,0.002128738
DOGE,1/15/2020,0.002295103,0.002144574,0.002388851,0.00211067
DOGE,1/16/2020,0.00238331,0.002295686,0.002505745,0.002294284
DOGE,1/17/2020,0.002337326,0.002382331,0.002386394,0.002256182
DOGE,1/18/2020,0.002492531,0.002336839,0.002537553,0.002300017
DOGE,1/19/2020,0.002510179,0.002492803,0.002560745,0.002411905
DOGE,1/20/2020,0.002382867,0.002519212,0.002626745,0.002336972
DOGE,1/21/2020,0.002402522,0.002383478,0.002417037,0.002339815
DOGE,1/22/2020,0.002353708,0.002404664,0.00240787,0.002320464
DOGE,1/23/2020,0.002335821,0.002353567,0.002403049,0.002311409
DOGE,1/24/2020,0.002244758,0.002335994,0.002393037,0.002193002
DOGE,1/25/2020,0.002272798,0.002244692,0.002284494,0.00217723
DOGE,1/26/2020,0.00224551,0.002272829,0.002273503,0.002188915
DOGE,1/27/2020,0.002274633,0.002245677,0.002302219,0.00219687
DOGE,1/28/2020,0.002348566,0.002272013,0.002426212,0.00224902
DOGE,1/29/2020,0.002401151,0.002348612,0.002427377,0.002347612
DOGE,1/30/2020,0.002397343,0.002401163,0.002490458,0.002341825
DOGE,1/31/2020,0.002434547,0.002397384,0.002445575,0.002332104
DOGE,2/1/2020,0.00239898,0.002435328,0.002454403,0.002344161
DOGE,2/2/2020,0.002416483,0.002398934,0.002429446,0.002356008
DOGE,2/3/2020,0.002509881,0.002387107,0.002532953,0.002354101
DOGE,2/4/2020,0.002415639,0.002450752,0.002555709,0.002409303
DOGE,2/5/2020,0.002493255,0.002412984,0.002535363,0.00238679
DOGE,2/6/2020,0.002533263,0.002493296,0.002684847,0.002476617
DOGE,2/7/2020,0.002631071,0.002535855,0.002713738,0.002517132
DOGE,2/8/2020,0.002796468,0.002631061,0.002814583,0.002627344
DOGE,2/9/2020,0.003165431,0.002796454,0.003303928,0.002717997
DOGE,2/10/2020,0.003226009,0.003165431,0.003650363,0.003048779
DOGE,2/11/2020,0.00295337,0.003225999,0.003316426,0.002852475
DOGE,2/12/2020,0.003056873,0.002958718,0.003131715,0.002836213
DOGE,2/13/2020,0.003089923,0.003055908,0.00319915,0.003000458
DOGE,2/14/2020,0.003027548,0.003092478,0.003229567,0.002949717
DOGE,2/15/2020,0.00312077,0.003027548,0.003175492,0.002971891
DOGE,2/16/2020,0.002964358,0.003120779,0.003195991,0.002811547
DOGE,2/17/2020,0.002678377,0.002964348,0.002984065,0.002575383
DOGE,2/18/2020,0.00264324,0.002678148,0.002781056,0.002505386
DOGE,2/19/2020,0.002798958,0.002643255,0.002870653,0.002632408
DOGE,2/20/2020,0.002675721,0.002799399,0.002914482,0.002551887
DOGE,2/21/2020,0.002636639,0.002675579,0.002687703,0.002521526
DOGE,2/22/2020,0.002683462,0.002636632,0.002726355,0.002596867
DOGE,2/23/2020,0.002613613,0.00268348,0.002690233,0.002529048
DOGE,2/24/2020,0.002669254,0.002613625,0.002691479,0.002536515
DOGE,2/25/2020,0.002590971,0.002669264,0.002691688,0.002526785
DOGE,2/26/2020,0.002453725,0.002590949,0.002599641,0.002375244
DOGE,2/27/2020,0.002346635,0.002452988,0.0025147,0.002180574
DOGE,2/28/2020,0.002338914,0.002346808,0.00241816,0.002252936
DOGE,2/29/2020,0.002337759,0.002339017,0.002375192,0.002221055
DOGE,3/1/2020,0.002247177,0.002344266,0.002344865,0.002235093
DOGE,3/2/2020,0.002288642,0.002247216,0.002331782,0.002164891
DOGE,3/3/2020,0.002372666,0.002288464,0.002387726,0.002233883
DOGE,3/4/2020,0.002523511,0.002372522,0.002541504,0.002299768
DOGE,3/5/2020,0.002412032,0.00252352,0.002538391,0.002367519
DOGE,3/6/2020,0.002514142,0.002411131,0.002542667,0.002399465
DOGE,3/7/2020,0.002477819,0.002514197,0.002528564,0.002446182
DOGE,3/8/2020,0.002412075,0.002477731,0.002519765,0.002393566
DOGE,3/9/2020,0.002200328,0.002412254,0.002462131,0.002174974
DOGE,3/10/2020,0.002202871,0.002200363,0.002236343,0.002080659
DOGE,3/11/2020,0.002219393,0.002202871,0.002272643,0.002150653
DOGE,3/12/2020,0.002195068,0.002219509,0.002257148,0.002088307
DOGE,3/13/2020,0.001697035,0.002195417,0.002206664,0.00151817
DOGE,3/14/2020,0.001805664,0.00169659,0.001818108,0.001176327
DOGE,3/15/2020,0.001689293,0.001798888,0.001839971,0.001652539
DOGE,3/16/2020,0.001637907,0.001691712,0.001959296,0.001624344
DOGE,3/17/2020,0.001582295,0.001666469,0.001706553,0.001404638
DOGE,3/18/2020,0.001674535,0.001581906,0.001695423,0.001551545
DOGE,3/19/2020,0.001604027,0.001674252,0.001680259,0.001541441
DOGE,3/20/2020,0.001803612,0.001604058,0.00186222,0.001557603
DOGE,3/21/2020,0.001773594,0.001803935,0.001960798,0.001645638
DOGE,3/22/2020,0.001784345,0.001773716,0.001864695,0.001688856
DOGE,3/23/2020,0.001733213,0.001784322,0.001852871,0.001703242
DOGE,3/24/2020,0.001832749,0.001732911,0.001888118,0.001681514
DOGE,3/25/2020,0.001879918,0.001832655,0.001939301,0.001805703
DOGE,3/26/2020,0.001835899,0.001880029,0.001918838,0.001777007
DOGE,3/27/2020,0.001866625,0.001843982,0.001878128,0.001809208
DOGE,3/28/2020,0.001848693,0.001866015,0.001884091,0.001806228
DOGE,3/29/2020,0.001795553,0.001849007,0.001852836,0.001692615
DOGE,3/30/2020,0.001722574,0.001770848,0.001806132,0.001681141
DOGE,3/31/2020,0.001851868,0.001722471,0.0018782,0.001703817
DOGE,4/1/2020,0.001829597,0.001850786,0.001855859,0.001793564
DOGE,4/2/2020,0.001836286,0.001829853,0.001867504,0.001751377
DOGE,4/3/2020,0.001901784,0.001836338,0.001987261,0.001814416
DOGE,4/4/2020,0.001846503,0.001901849,0.001946382,0.001809088
DOGE,4/5/2020,0.001883079,0.001846214,0.001922793,0.001828273
DOGE,4/6/2020,0.001876919,0.001883086,0.001895461,0.00184204
DOGE,4/7/2020,0.001976876,0.001876919,0.00201601,0.0018422
DOGE,4/8/2020,0.001993841,0.001976876,0.002053264,0.001956
DOGE,4/9/2020,0.002030146,0.001994506,0.002050671,0.001961882
DOGE,4/10/2020,0.002027493,0.00202994,0.002048901,0.001971007
DOGE,4/11/2020,0.001946427,0.002027483,0.002040943,0.001856737
DOGE,4/12/2020,0.00195189,0.001946604,0.002010282,0.001918531
DOGE,4/13/2020,0.001979472,0.001951891,0.002049256,0.001926392
DOGE,4/14/2020,0.001944839,0.001978666,0.002019302,0.001865189
DOGE,4/15/2020,0.001988654,0.001943389,0.00200131,0.001913054
DOGE,4/16/2020,0.001911598,0.001988758,0.001995013,0.001896969
DOGE,4/17/2020,0.002005384,0.001911643,0.002027133,0.001866853
DOGE,4/18/2020,0.002002454,0.00200565,0.002040358,0.001978421
DOGE,4/19/2020,0.002052896,0.002002398,0.002072188,0.001979626
DOGE,4/20/2020,0.002054474,0.002052899,0.002072714,0.001996536
DOGE,4/21/2020,0.001986862,0.002054445,0.002065122,0.001930982
DOGE,4/22/2020,0.00198139,0.001986862,0.002001807,0.001927561
DOGE,4/23/2020,0.002007836,0.001979168,0.002037744,0.00193599
DOGE,4/24/2020,0.002057553,0.002007975,0.002161584,0.001981095
DOGE,4/25/2020,0.002059374,0.002056336,0.002116064,0.002019596
DOGE,4/26/2020,0.002124763,0.002059267,0.002171274,0.002037948
DOGE,4/27/2020,0.002432139,0.002124764,0.002448407,0.00210814
DOGE,4/28/2020,0.002350921,0.002432157,0.002441209,0.002270255
DOGE,4/29/2020,0.002327148,0.002352889,0.002386043,0.002271777
DOGE,4/30/2020,0.002525497,0.002327236,0.00257176,0.002276384
DOGE,5/1/2020,0.002456348,0.002525426,0.002705074,0.002363918
DOGE,5/2/2020,0.002501482,0.002456395,0.002576323,0.002420576
DOGE,5/3/2020,0.002543781,0.002501512,0.002580124,0.002419781
DOGE,5/4/2020,0.002513863,0.002530283,0.002629362,0.002462782
DOGE,5/5/2020,0.002435906,0.002513867,0.002545743,0.002335363
DOGE,5/6/2020,0.002493188,0.002435983,0.002525563,0.002404341
DOGE,5/7/2020,0.002561594,0.002493132,0.002582934,0.002442898
DOGE,5/8/2020,0.002603887,0.002561495,0.002728056,0.002462598
DOGE,5/9/2020,0.00260988,0.002603908,0.002684007,0.002567629
DOGE,5/10/2020,0.002637913,0.002610792,0.002664842,0.002539308
DOGE,5/11/2020,0.00246424,0.002629356,0.002648542,0.002230226
DOGE,5/12/2020,0.002410698,0.002465479,0.002554278,0.002288029
DOGE,5/13/2020,0.002426188,0.002410787,0.002561152,0.002357022
DOGE,5/14/2020,0.00252353,0.002425008,0.002576922,0.002414093
DOGE,5/15/2020,0.002601092,0.002523566,0.0026898,0.002504484
DOGE,5/16/2020,0.00249348,0.002601092,0.002617169,0.002452099
DOGE,5/17/2020,0.00249137,0.002493545,0.002548308,0.00245443
DOGE,5/18/2020,0.002558836,0.002490853,0.002604811,0.002480512
DOGE,5/19/2020,0.002569676,0.002557929,0.002616224,0.002499711
DOGE,5/20/2020,0.002537944,0.002569374,0.002614611,0.002482408
DOGE,5/21/2020,0.002529521,0.00253791,0.002598088,0.002452598
DOGE,5/22/2020,0.002541734,0.002529444,0.002595023,0.002392759
DOGE,5/23/2020,0.002507337,0.00254143,0.00256448,0.002442829
DOGE,5/24/2020,0.002517407,0.002507337,0.002575533,0.002476132
DOGE,5/25/2020,0.00248926,0.002517328,0.002579247,0.002437858
DOGE,5/26/2020,0.002513539,0.002489256,0.002571111,0.002405645
DOGE,5/27/2020,0.002481123,0.002513533,0.002567093,0.002459408
DOGE,5/28/2020,0.002477497,0.002481123,0.002550409,0.002412044
DOGE,5/29/2020,0.002541926,0.002477467,0.002598065,0.00237998
DOGE,5/30/2020,0.002531834,0.002542134,0.002569714,0.002467447
DOGE,5/31/2020,0.002615082,0.002532747,0.002672528,0.002499584
DOGE,6/1/2020,0.002543086,0.002615231,0.002649815,0.002518134
DOGE,6/2/2020,0.002671023,0.002543013,0.002717372,0.002514689
DOGE,6/3/2020,0.002565235,0.002670796,0.002707827,0.002469889
DOGE,6/4/2020,0.002563182,0.002565234,0.002592038,0.002502719
DOGE,6/5/2020,0.002580613,0.002563186,0.002717637,0.002546899
DOGE,6/6/2020,0.002563596,0.002580724,0.00264393,0.002540973
DOGE,6/7/2020,0.002598384,0.002563536,0.002609766,0.002530618
DOGE,6/8/2020,0.002611195,0.002598384,0.002635531,0.002536624
DOGE,6/9/2020,0.002593377,0.002611196,0.002623984,0.00253691
DOGE,6/10/2020,0.002584387,0.002593195,0.002608665,0.002496018
DOGE,6/11/2020,0.002618225,0.002584609,0.002639977,0.002541696
DOGE,6/12/2020,0.002459402,0.002618225,0.002643685,0.002388982
DOGE,6/13/2020,0.002510146,0.00245955,0.002530676,0.002423175
DOGE,6/14/2020,0.002531613,0.002510163,0.002540091,0.002468184
DOGE,6/15/2020,0.002473461,0.002531613,0.00254004,0.002444801
DOGE,6/16/2020,0.002501095,0.002473396,0.002518225,0.002365081
DOGE,6/17/2020,0.002534802,0.00250115,0.002551746,0.0023825
DOGE,6/18/2020,0.002472175,0.002534797,0.002545231,0.002432347
DOGE,6/19/2020,0.002509352,0.002472153,0.002520678,0.002421775
DOGE,6/20/2020,0.002463136,0.002509356,0.002513417,0.00241064
DOGE,6/21/2020,0.002463266,0.002462871,0.002491592,0.002398098
DOGE,6/22/2020,0.002452002,0.002463059,0.002494517,0.00243198
DOGE,6/23/2020,0.002499566,0.002451957,0.002545119,0.002413526
DOGE,6/24/2020,0.00243599,0.002499566,0.002509728,0.002416468
DOGE,6/25/2020,0.002472464,0.00243599,0.002506937,0.002341743
DOGE,6/26/2020,0.002406792,0.002472433,0.002473524,0.002324722
DOGE,6/27/2020,0.002367261,0.00240681,0.002477472,0.002302023
DOGE,6/28/2020,0.002313893,0.002367261,0.002374515,0.002243127
DOGE,6/29/2020,0.002296494,0.002313895,0.002354991,0.002266971
DOGE,6/30/2020,0.002301087,0.002296524,0.002350473,0.002281895
DOGE,7/1/2020,0.002330995,0.002301087,0.002343404,0.002284962
DOGE,7/2/2020,0.002348407,0.002326871,0.002386925,0.00229189
DOGE,7/3/2020,0.002347208,0.002318599,0.002375786,0.002270858
DOGE,7/4/2020,0.002319359,0.002339472,0.00234472,0.002287691
DOGE,7/5/2020,0.002336482,0.002322254,0.002346497,0.00229205
DOGE,7/6/2020,0.002285955,0.002295836,0.00233817,0.002263167
DOGE,7/7/2020,0.002567125,0.002324284,0.002580166,0.002287431
DOGE,7/8/2020,0.003046042,0.002612839,0.003050646,0.002560136
DOGE,7/9/2020,0.004543403,0.003136325,0.005552109,0.003051508
DOGE,7/10/2020,0.004448172,0.004790032,0.005064517,0.004061791
DOGE,7/11/2020,0.00351006,0.004346194,0.004351704,0.003414369
DOGE,7/12/2020,0.003740742,0.003527632,0.003963366,0.003449805
DOGE,7/13/2020,0.003666248,0.00383911,0.003863984,0.003579953
DOGE,7/14/2020,0.003134981,0.00363614,0.003640758,0.002989042
DOGE,7/15/2020,0.00330531,0.003193202,0.00340767,0.003032948
DOGE,7/16/2020,0.003099572,0.003271066,0.003306616,0.003052531
DOGE,7/17/2020,0.002960778,0.003097279,0.003103048,0.002854822
DOGE,7/18/2020,0.003060686,0.002993468,0.003098015,0.00291832
DOGE,7/19/2020,0.003555433,0.003072398,0.003696373,0.003023207
DOGE,7/20/2020,0.00344214,0.003434978,0.003805318,0.003306961
DOGE,7/21/2020,0.003209512,0.003360584,0.003457759,0.003134919
DOGE,7/22/2020,0.003331448,0.003257001,0.003339461,0.003159671
DOGE,7/23/2020,0.003292545,0.003297334,0.003311934,0.003197335
DOGE,7/24/2020,0.003299514,0.003273849,0.003342415,0.003256658
DOGE,7/25/2020,0.003232093,0.003321666,0.003328268,0.003154327
DOGE,7/26/2020,0.003218174,0.003226616,0.003266801,0.00316047
DOGE,7/27/2020,0.003217148,0.003226789,0.003295832,0.003165352
DOGE,7/28/2020,0.003201861,0.003247536,0.003281719,0.003018731
DOGE,7/29/2020,0.003195902,0.003146672,0.003263203,0.003093419
DOGE,7/30/2020,0.003218503,0.003228849,0.003292296,0.003157137
DOGE,7/31/2020,0.003238331,0.00318034,0.003297594,0.003120291
DOGE,8/1/2020,0.003212798,0.003231731,0.003289914,0.003125231
DOGE,8/2/2020,0.003721454,0.003240087,0.003862785,0.003195736
DOGE,8/3/2020,0.003361373,0.003699639,0.003764716,0.003113472
DOGE,8/4/2020,0.00338464,0.003370026,0.003480707,0.003280809
DOGE,8/5/2020,0.003522035,0.003383097,0.003574173,0.003330007
DOGE,8/6/2020,0.003491171,0.003558656,0.003589528,0.00343726
DOGE,8/7/2020,0.003545636,0.003510431,0.003657855,0.003421567
DOGE,8/8/2020,0.003467752,0.003587396,0.003639573,0.003365587
DOGE,8/9/2020,0.003472592,0.003504795,0.00355011,0.003400735
DOGE,8/10/2020,0.003449176,0.003485816,0.00353272,0.0034053
DOGE,8/11/2020,0.003466908,0.003450891,0.003557316,0.003401193
DOGE,8/12/2020,0.003346189,0.003486374,0.003609137,0.003298524
DOGE,8/13/2020,0.00345783,0.003365191,0.003528,0.003321334
DOGE,8/14/2020,0.003482652,0.003464075,0.003546009,0.003313618
DOGE,8/15/2020,0.003538962,0.003466465,0.00357436,0.003428094
DOGE,8/16/2020,0.003576891,0.003597221,0.003639839,0.003465984
DOGE,8/17/2020,0.003518993,0.003543804,0.003561882,0.003430092
DOGE,8/18/2020,0.003619466,0.003521231,0.003755154,0.003487221
DOGE,8/19/2020,0.003532193,0.003629462,0.00375393,0.003413278
DOGE,8/20/2020,0.003421504,0.003516061,0.003558322,0.003316242
DOGE,8/21/2020,0.003445829,0.003445935,0.003513958,0.00335607
DOGE,8/22/2020,0.003427111,0.003446026,0.003592225,0.003370862
DOGE,8/23/2020,0.003450678,0.003407948,0.003452201,0.003324006
DOGE,8/24/2020,0.003401403,0.003432943,0.00346208,0.003369253
DOGE,8/25/2020,0.003400172,0.003409476,0.003492018,0.003329492
DOGE,8/26/2020,0.003310843,0.003411796,0.00347414,0.003190263
DOGE,8/27/2020,0.003299884,0.003318142,0.003366667,0.003222206
DOGE,8/28/2020,0.003179548,0.003302447,0.003313294,0.003140893
DOGE,8/29/2020,0.003247949,0.003197233,0.003282349,0.003170972
DOGE,8/30/2020,0.00328096,0.003260383,0.003307096,0.003235821
DOGE,8/31/2020,0.003304379,0.003283069,0.003350342,0.003267991
DOGE,9/1/2020,0.003203649,0.003297404,0.003316884,0.003185685
DOGE,9/2/2020,0.003240023,0.003214593,0.003298838,0.003164894
DOGE,9/3/2020,0.003116775,0.003271891,0.00328792,0.00303155
DOGE,9/4/2020,0.002921579,0.003112697,0.00314349,0.002874784
DOGE,9/5/2020,0.002918283,0.002777599,0.002965366,0.002701682
DOGE,9/6/2020,0.002730362,0.002877628,0.002933092,0.002688139
DOGE,9/7/2020,0.002762362,0.002773672,0.00282841,0.002683548
DOGE,9/8/2020,0.002838857,0.002783714,0.00284177,0.002688525
DOGE,9/9/2020,0.002723147,0.002827307,0.002844234,0.002673959
DOGE,9/10/2020,0.002802968,0.00277471,0.002822972,0.002676746
DOGE,9/11/2020,0.002798374,0.002803327,0.002867247,0.002737597
DOGE,9/12/2020,0.002795714,0.00283117,0.002841073,0.002732085
DOGE,9/13/2020,0.002790055,0.002801171,0.002843862,0.002747318
DOGE,9/14/2020,0.002764798,0.002815098,0.002824392,0.002730921
DOGE,9/15/2020,0.002782077,0.002784917,0.002825263,0.002734544
DOGE,9/16/2020,0.002823872,0.002797785,0.00287532,0.002780716
DOGE,9/17/2020,0.002791276,0.00282689,0.002869699,0.002777777
DOGE,9/18/2020,0.002792905,0.002822549,0.002864373,0.002744582
DOGE,9/19/2020,0.002797767,0.002805234,0.002819982,0.00274983
DOGE,9/20/2020,0.002790719,0.002793967,0.002810616,0.002765255
DOGE,9/21/2020,0.00275247,0.002791081,0.002803934,0.00272645
DOGE,9/22/2020,0.002666084,0.002772234,0.002805376,0.002573845
DOGE,9/23/2020,0.002618182,0.00260223,0.002672618,0.00257249
DOGE,9/24/2020,0.002558773,0.002642869,0.002675362,0.002525796
DOGE,9/25/2020,0.002632863,0.002542697,0.002660601,0.002502284
DOGE,9/26/2020,0.002685653,0.002627391,0.002730671,0.002605449
DOGE,9/27/2020,0.002702662,0.002735631,0.002758043,0.002679163
DOGE,9/28/2020,0.002705624,0.002703634,0.002736653,0.002664749
DOGE,9/29/2020,0.002667396,0.002696192,0.002761006,0.002649147
DOGE,9/30/2020,0.002674148,0.002626833,0.002741134,0.00260158
DOGE,10/1/2020,0.002627867,0.002644492,0.002690616,0.002604734
DOGE,10/2/2020,0.002631448,0.002624658,0.002691735,0.002562174
DOGE,10/3/2020,0.002601426,0.002627677,0.002629787,0.002531873
DOGE,10/4/2020,0.002584024,0.002595221,0.002639179,0.002577032
DOGE,10/5/2020,0.002612267,0.002592803,0.002692408,0.002586396
DOGE,10/6/2020,0.002606597,0.002615554,0.002655945,0.002594652
DOGE,10/7/2020,0.002596392,0.002628229,0.002633723,0.002571695
DOGE,10/8/2020,0.00258785,0.002593248,0.002608998,0.00255574
DOGE,10/9/2020,0.002621079,0.002588388,0.002644171,0.002542567
DOGE,10/10/2020,0.002654308,0.002611086,0.002704877,0.002572153
DOGE,10/11/2020,0.002689359,0.002656285,0.002767314,0.002639103
DOGE,10/12/2020,0.002686737,0.002647049,0.002711992,0.00263631
DOGE,10/13/2020,0.002711693,0.002686476,0.002727675,0.002616762
DOGE,10/14/2020,0.002642285,0.002680979,0.002687318,0.002629469
DOGE,10/15/2020,0.002652303,0.002649382,0.002679381,0.002619614
DOGE,10/16/2020,0.00260822,0.002640859,0.002659662,0.002547168
DOGE,10/17/2020,0.002588681,0.002588683,0.002624535,0.002532405
DOGE,10/18/2020,0.002566367,0.002606791,0.00263339,0.002549544
DOGE,10/19/2020,0.00259521,0.002591735,0.002604382,0.002568883
DOGE,10/20/2020,0.002592504,0.002594841,0.002630038,0.002565344
DOGE,10/21/2020,0.002596445,0.002606859,0.002641758,0.002561543
DOGE,10/22/2020,0.002681365,0.002574982,0.002693739,0.002561896
DOGE,10/23/2020,0.002679465,0.002595894,0.002698548,0.002592006
DOGE,10/24/2020,0.002659538,0.002651548,0.002699065,0.00261726
DOGE,10/25/2020,0.00265516,0.002633631,0.002665972,0.002606543
DOGE,10/26/2020,0.002682177,0.002641597,0.0026996,0.002608614
DOGE,10/27/2020,0.00266544,0.002683946,0.002926614,0.002623052
DOGE,10/28/2020,0.002695602,0.002681461,0.002732822,0.002620531
DOGE,10/29/2020,0.002559989,0.002642785,0.002720549,0.002534261
DOGE,10/30/2020,0.002585768,0.00260485,0.002627907,0.002509055
DOGE,10/31/2020,0.002589384,0.002587881,0.002612522,0.002509645
DOGE,11/1/2020,0.002604705,0.002599903,0.002626416,0.002502794
DOGE,11/2/2020,0.002576017,0.002604668,0.002619273,0.002521675
DOGE,11/3/2020,0.002503459,0.00256286,0.002594831,0.002490748
DOGE,11/4/2020,0.002504999,0.002535655,0.002537682,0.002444745
DOGE,11/5/2020,0.002553895,0.002520821,0.002620036,0.002482117
DOGE,11/6/2020,0.002679285,0.00255433,0.002693771,0.002519514
DOGE,11/7/2020,0.002710134,0.002651909,0.002867892,0.002579778
DOGE,11/8/2020,0.00267609,0.002784494,0.002888923,0.002564062
DOGE,11/9/2020,0.002689065,0.002670267,0.002764005,0.002635386
DOGE,11/10/2020,0.002680546,0.00272859,0.002832841,0.002640595
DOGE,11/11/2020,0.002845188,0.00265855,0.002886017,0.002640668
DOGE,11/12/2020,0.002751242,0.002765446,0.002895367,0.002722174
DOGE,11/13/2020,0.002776841,0.002781841,0.002836045,0.002698037
DOGE,11/14/2020,0.002823588,0.002777652,0.00286146,0.00276704
DOGE,11/15/2020,0.002765787,0.002841185,0.002850312,0.002703005
DOGE,11/16/2020,0.002782346,0.002765455,0.002838508,0.002720971
DOGE,11/17/2020,0.002879259,0.00276623,0.003059931,0.002750905
DOGE,11/18/2020,0.002917505,0.002928318,0.002997792,0.002876065
DOGE,11/19/2020,0.002940858,0.002914344,0.003028336,0.002831961
DOGE,11/20/2020,0.00290375,0.002936456,0.002987711,0.002840352
DOGE,11/21/2020,0.003053383,0.002923943,0.003072822,0.002867957
DOGE,11/22/2020,0.003489688,0.003044365,0.003635547,0.002933365
DOGE,11/23/2020,0.003432132,0.003521334,0.003688855,0.003147792
DOGE,11/24/2020,0.003447619,0.003369754,0.003502575,0.003198938
DOGE,11/25/2020,0.003939493,0.003730661,0.004213524,0.003541936
DOGE,11/26/2020,0.003723722,0.004292099,0.004316604,0.003693687
DOGE,11/27/2020,0.003259657,0.003718169,0.003828434,0.002961255
DOGE,11/28/2020,0.003293397,0.00325691,0.003374656,0.003070673
DOGE,11/29/2020,0.003430042,0.003321178,0.003498325,0.003243946
DOGE,11/30/2020,0.003432281,0.003395472,0.003555745,0.003352514
DOGE,12/1/2020,0.003569773,0.003398261,0.003658983,0.003385185
DOGE,12/2/2020,0.003384658,0.00358365,0.00363727,0.003227761
DOGE,12/3/2020,0.003375958,0.003342228,0.003480428,0.003238629
DOGE,12/4/2020,0.003394774,0.003386336,0.003529869,0.003321927
DOGE,12/5/2020,0.003322352,0.003451794,0.003462598,0.003255882
DOGE,12/6/2020,0.003401305,0.003292811,0.003420573,0.003256014
DOGE,12/7/2020,0.003386104,0.003376723,0.00344598,0.00334083
DOGE,12/8/2020,0.003319823,0.003373567,0.003413905,0.003290005
DOGE,12/9/2020,0.003216196,0.003323185,0.003378118,0.003192884
DOGE,12/10/2020,0.003212754,0.003188072,0.003224166,0.002985839
DOGE,12/11/2020,0.003117204,0.00314851,0.003214389,0.003056126
DOGE,12/12/2020,0.003092038,0.003153019,0.003163002,0.002993703
DOGE,12/13/2020,0.003138921,0.003118916,0.003234538,0.003072059
DOGE,12/14/2020,0.003289768,0.003172981,0.003316367,0.003106737
DOGE,12/15/2020,0.003236786,0.003305364,0.003334987,0.003150989
DOGE,12/16/2020,0.003192254,0.003183914,0.003269178,0.003139997
DOGE,12/17/2020,0.003327951,0.003219381,0.003440286,0.003169569
DOGE,12/18/2020,0.003787331,0.003419521,0.004121448,0.0033547
DOGE,12/19/2020,0.003845843,0.003759287,0.003997151,0.003618517
DOGE,12/20/2020,0.003986815,0.003888148,0.004046837,0.00379395
DOGE,12/21/2020,0.004569055,0.003927675,0.004718036,0.003822338
DOGE,12/22/2020,0.004938028,0.004646617,0.005459885,0.004274863
DOGE,12/23/2020,0.004545338,0.004778417,0.004885826,0.004315647
DOGE,12/24/2020,0.003821539,0.004503261,0.004741342,0.003629595
DOGE,12/25/2020,0.00456111,0.003799118,0.00456546,0.003680604
DOGE,12/26/2020,0.004515578,0.004563394,0.004636151,0.004385288
DOGE,12/27/2020,0.004479818,0.004584247,0.004649075,0.004391267
DOGE,12/28/2020,0.004531546,0.004568082,0.004840893,0.004365385
DOGE,12/29/2020,0.00461037,0.004563113,0.004745804,0.004494513
DOGE,12/30/2020,0.004421489,0.004591172,0.0046735,0.004246261
DOGE,12/31/2020,0.004637148,0.004522891,0.004754577,0.004429649
DOGE,1/1/2021,0.004740907,0.004668718,0.004795864,0.004491983
DOGE,1/2/2021,0.005404803,0.004665241,0.005516086,0.004620678
DOGE,1/3/2021,0.011426605,0.005680633,0.013892366,0.005549964
DOGE,1/4/2021,0.010045668,0.010449783,0.013906567,0.009240293
DOGE,1/5/2021,0.009630374,0.009694499,0.011450488,0.00765374
DOGE,1/6/2021,0.009729501,0.009779416,0.010278821,0.008835074
DOGE,1/7/2021,0.010356947,0.010007746,0.011056221,0.009655487
DOGE,1/8/2021,0.009781281,0.010417057,0.010608012,0.009430943
DOGE,1/9/2021,0.009748804,0.009745655,0.009858582,0.008907778
DOGE,1/10/2021,0.01024942,0.009831976,0.010707801,0.009597771
DOGE,1/11/2021,0.009974879,0.010147182,0.010878914,0.008920345
DOGE,1/12/2021,0.008229174,0.009776693,0.009844625,0.006728849
DOGE,1/13/2021,0.008113542,0.008832831,0.009181302,0.007822668
DOGE,1/14/2021,0.008441892,0.008102511,0.008758048,0.007738164
DOGE,1/15/2021,0.009170519,0.008661439,0.010153303,0.008321404
DOGE,1/16/2021,0.009324165,0.009376639,0.009886666,0.008323829
DOGE,1/17/2021,0.009229429,0.009333513,0.009590929,0.009034836
DOGE,1/18/2021,0.009173034,0.009270364,0.009388323,0.008742908
DOGE,1/19/2021,0.009134601,0.009131731,0.009329705,0.008928166
DOGE,1/20/2021,0.009262187,0.00922894,0.009720382,0.008950459
DOGE,1/21/2021,0.00897946,0.009083712,0.009186247,0.008491961
DOGE,1/22/2021,0.008102872,0.009067638,0.009106059,0.007994134
DOGE,1/23/2021,0.008607149,0.008193383,0.008777423,0.007587981
DOGE,1/24/2021,0.008516098,0.008479797,0.008836924,0.008341329
DOGE,1/25/2021,0.008726821,0.00852814,0.009005584,0.008483593
DOGE,1/26/2021,0.008377609,0.008768522,0.008883153,0.008165699
DOGE,1/27/2021,0.008194668,0.008352889,0.008467869,0.007965244
DOGE,1/28/2021,0.007431583,0.008295067,0.008295796,0.007249931
DOGE,1/29/2021,0.023535063,0.007473426,0.027323131,0.00727946
DOGE,1/30/2021,0.051793246,0.036903282,0.0792251,0.027538627
DOGE,1/31/2021,0.032304261,0.045895773,0.050656725,0.022179629
DOGE,2/1/2021,0.037287471,0.028309836,0.046238385,0.02682351
DOGE,2/2/2021,0.033748913,0.037031052,0.043794976,0.033288991
DOGE,2/3/2021,0.031479188,0.034834199,0.035306083,0.030193507
DOGE,2/4/2021,0.036195236,0.031420742,0.039861773,0.031040672
DOGE,2/5/2021,0.05086891,0.037236471,0.059680957,0.035880989
DOGE,2/6/2021,0.046972237,0.052858837,0.054316316,0.043189149
DOGE,2/7/2021,0.05612247,0.04674559,0.05617919,0.04497191
DOGE,2/8/2021,0.082605279,0.057710264,0.087158762,0.053983009
DOGE,2/9/2021,0.079015509,0.078114861,0.085458793,0.062901504
DOGE,2/10/2021,0.070701023,0.07878538,0.083809289,0.063389678
DOGE,2/11/2021,0.074211361,0.070141076,0.08159536,0.066603065
DOGE,2/12/2021,0.069910169,0.072635201,0.075422729,0.068023654
DOGE,2/13/2021,0.070694369,0.069676432,0.07310105,0.062555615
DOGE,2/14/2021,0.066336031,0.069875672,0.071728028,0.06581749
DOGE,2/15/2021,0.058793294,0.066302967,0.066533961,0.056357815
DOGE,2/16/2021,0.057273789,0.062746526,0.064256874,0.04774293
DOGE,2/17/2021,0.053722913,0.056466269,0.059917136,0.050628842
DOGE,2/18/2021,0.049781167,0.053576917,0.055141183,0.049446885
DOGE,2/19/2021,0.061959558,0.049509755,0.061959558,0.048909453
DOGE,2/20/2021,0.055149495,0.058839269,0.059751612,0.053926953
DOGE,2/21/2021,0.052611777,0.054988724,0.06012469,0.051088633
DOGE,2/22/2021,0.057195398,0.054210575,0.059816574,0.053310728
DOGE,2/23/2021,0.053392719,0.055975667,0.060813656,0.046410671
DOGE,2/24/2021,0.046826962,0.053584732,0.0539293,0.04260212
DOGE,2/25/2021,0.056000947,0.047662344,0.060673183,0.045987814
DOGE,2/26/2021,0.051986744,0.056834387,0.057943269,0.050511364
DOGE,2/27/2021,0.05021467,0.049971754,0.052640673,0.048509847
DOGE,2/28/2021,0.050143985,0.050492099,0.052031617,0.049577762
DOGE,3/1/2021,0.048988324,0.050209997,0.050322186,0.044826547
DOGE,3/2/2021,0.050478362,0.048222842,0.051944106,0.04802373
DOGE,3/3/2021,0.050440939,0.050531256,0.052564598,0.049146989
DOGE,3/4/2021,0.0508587,0.050508209,0.052297332,0.050070887
DOGE,3/5/2021,0.050452734,0.050483773,0.051239848,0.047816364
DOGE,3/6/2021,0.049776286,0.050081845,0.051069233,0.04806487
DOGE,3/7/2021,0.051530616,0.049599056,0.052654672,0.049175283
DOGE,3/8/2021,0.051695837,0.050956657,0.051958948,0.050456683
DOGE,3/9/2021,0.059182489,0.051972888,0.060054513,0.051632825
DOGE,3/10/2021,0.0581577,0.063016712,0.063036805,0.056006034
DOGE,3/11/2021,0.056381275,0.057963106,0.058778429,0.054520732
DOGE,3/12/2021,0.055651618,0.055960914,0.056990892,0.054279598
DOGE,3/13/2021,0.055460938,0.055886426,0.057048014,0.054239573
DOGE,3/14/2021,0.057937794,0.055220432,0.060611192,0.054703485
DOGE,3/15/2021,0.059403402,0.06241478,0.063290793,0.058582146
DOGE,3/16/2021,0.056553494,0.058223779,0.059712191,0.055021895
DOGE,3/17/2021,0.058704996,0.057002863,0.059138185,0.055359752
DOGE,3/18/2021,0.058147388,0.058735884,0.059008312,0.056569288
DOGE,3/19/2021,0.057709956,0.05784259,0.059295868,0.056935273
DOGE,3/20/2021,0.058850122,0.057317314,0.060006065,0.056446757
DOGE,3/21/2021,0.060043609,0.058443679,0.06079384,0.058058328
DOGE,3/22/2021,0.058235382,0.058987158,0.059650714,0.056746115
DOGE,3/23/2021,0.055230675,0.05758569,0.058023856,0.054645101
DOGE,3/24/2021,0.05411147,0.054996043,0.056163932,0.053041087
DOGE,3/25/2021,0.052408659,0.053458859,0.056751192,0.050842907
DOGE,3/26/2021,0.051739976,0.051591476,0.052467168,0.049387082
DOGE,3/27/2021,0.053692251,0.051246988,0.053958866,0.051233545
DOGE,3/28/2021,0.054746138,0.054046294,0.055489751,0.053446905
DOGE,3/29/2021,0.053484146,0.054410747,0.05493745,0.052976286
DOGE,3/30/2021,0.054096817,0.053653405,0.054776099,0.053190319
DOGE,3/31/2021,0.054213746,0.054110302,0.055667122,0.053617672
DOGE,4/1/2021,0.053554968,0.054093549,0.054640601,0.051624287
DOGE,4/2/2021,0.059914044,0.053724731,0.071205588,0.053626903
DOGE,4/3/2021,0.057423817,0.062056575,0.062842168,0.057322969
DOGE,4/4/2021,0.056378477,0.057595789,0.059485689,0.056007389
DOGE,4/5/2021,0.057309917,0.055566788,0.058243947,0.055169694
DOGE,4/6/2021,0.05892342,0.057457984,0.059314732,0.056264542
DOGE,4/7/2021,0.063059907,0.059954915,0.065325005,0.058065967
DOGE,4/8/2021,0.060187325,0.064436052,0.067477322,0.05713969
DOGE,4/9/2021,0.06117054,0.058822404,0.062407982,0.058661152
DOGE,4/10/2021,0.061674556,0.061761187,0.064287791,0.060477359
DOGE,4/11/2021,0.063571771,0.06161707,0.065111407,0.060942528
DOGE,4/12/2021,0.075635361,0.063761394,0.080034481,0.063324808
DOGE,4/13/2021,0.071577583,0.074373903,0.075430358,0.06869098
DOGE,4/14/2021,0.092441463,0.070796023,0.094517098,0.070633235
DOGE,4/15/2021,0.127577877,0.094430068,0.145307731,0.092168066
DOGE,4/16/2021,0.172166148,0.121380367,0.191841021,0.119870139
DOGE,4/17/2021,0.379519836,0.182557862,0.450486496,0.179308342
DOGE,4/18/2021,0.305682456,0.366145814,0.381435038,0.231646176
DOGE,4/19/2021,0.331811598,0.283044708,0.351533586,0.242357807
DOGE,4/20/2021,0.416551143,0.323461541,0.428461013,0.309447102
DOGE,4/21/2021,0.335396207,0.409620872,0.424082256,0.270982072
DOGE,4/22/2021,0.307960278,0.317722926,0.347929431,0.296531853
DOGE,4/23/2021,0.268338061,0.306176178,0.309229769,0.253302698
DOGE,4/24/2021,0.239144436,0.260825536,0.269405262,0.160811699
DOGE,4/25/2021,0.271423499,0.250250226,0.291159694,0.230929255
DOGE,4/26/2021,0.247977716,0.270787752,0.288425735,0.226516875
DOGE,4/27/2021,0.26637307,0.252019432,0.280852995,0.24769821
DOGE,4/28/2021,0.271995915,0.271817374,0.280314666,0.264840644
DOGE,4/29/2021,0.316329021,0.27267084,0.346254244,0.256312513
DOGE,4/30/2021,0.307702085,0.323448072,0.324796895,0.296199345
DOGE,5/1/2021,0.335147266,0.305113485,0.340012902,0.302599464
DOGE,5/2/2021,0.385159665,0.337656106,0.392687351,0.328297457
DOGE,5/3/2021,0.378402865,0.391123933,0.400120412,0.362501819
DOGE,5/4/2021,0.4364163,0.374615819,0.447834979,0.374383008
DOGE,5/5/2021,0.542510967,0.44175949,0.61113518,0.404326976
DOGE,5/6/2021,0.641604502,0.539315591,0.696495456,0.521010806
DOGE,5/7/2021,0.586173406,0.653902093,0.66479447,0.541251818
DOGE,5/8/2021,0.722320477,0.581479076,0.73407397,0.518043202
DOGE,5/9/2021,0.643680123,0.691174001,0.74001033,0.601951832
DOGE,5/10/2021,0.585158958,0.638253654,0.701836882,0.41869423
DOGE,5/11/2021,0.456113233,0.571452181,0.57225052,0.420449572
DOGE,5/12/2021,0.502475785,0.451166113,0.548795859,0.443969025
DOGE,5/13/2021,0.451993509,0.494396604,0.52159038,0.432616881
DOGE,5/14/2021,0.430041934,0.391860679,0.456328824,0.355279197
DOGE,5/15/2021,0.555003481,0.489558242,0.591271402,0.465178855
DOGE,5/16/2021,0.510966061,0.560687319,0.564693389,0.491605129
DOGE,5/17/2021,0.492425537,0.508945707,0.54909719,0.449745681
DOGE,5/18/2021,0.482282755,0.513974427,0.516263483,0.456249163
DOGE,5/19/2021,0.480503137,0.487724344,0.508853277,0.469999313
DOGE,5/20/2021,0.368139504,0.476588079,0.48013626,0.23911077
DOGE,5/21/2021,0.396053422,0.330857973,0.436621732,0.303589215
DOGE,5/22/2021,0.357465767,0.399001284,0.412568057,0.314786784
DOGE,5/23/2021,0.343566515,0.358712045,0.363897586,0.317755292
DOGE,5/24/2021,0.309183822,0.342580838,0.350685933,0.248912229
DOGE,5/25/2021,0.349012223,0.306702054,0.374993701,0.296114186
DOGE,5/26/2021,0.3486085,0.366689755,0.380704601,0.322972248
DOGE,5/27/2021,0.347286929,0.346470475,0.367165044,0.337547581
DOGE,5/28/2021,0.33306692,0.35343545,0.353612638,0.327808909
DOGE,5/29/2021,0.304776583,0.334354123,0.347885083,0.303277964
DOGE,5/30/2021,0.298548615,0.3115547,0.31815274,0.280432553
DOGE,5/31/2021,0.303624915,0.30318717,0.311086683,0.28730316
DOGE,6/1/2021,0.32457412,0.302112466,0.329929759,0.294421765
DOGE,6/2/2021,0.370663842,0.325669763,0.377706501,0.311601903
DOGE,6/3/2021,0.417600205,0.369994497,0.446124202,0.351236869
DOGE,6/4/2021,0.403212935,0.423389618,0.441374153,0.380120401
DOGE,6/5/2021,0.383527596,0.400909553,0.402199789,0.350249481
DOGE,6/6/2021,0.366769222,0.376775939,0.395278191,0.360314195
DOGE,6/7/2021,0.368625071,0.371770512,0.377346286,0.367012519
DOGE,6/8/2021,0.340057635,0.371642975,0.38015778,0.330393998
DOGE,6/9/2021,0.330802336,0.331784368,0.342091522,0.295683789
DOGE,6/10/2021,0.344400349,0.326310059,0.354765389,0.312722132
DOGE,6/11/2021,0.327612065,0.343386391,0.345222673,0.322838048
DOGE,6/12/2021,0.319914274,0.326232599,0.333633156,0.311160735
DOGE,6/13/2021,0.312903424,0.318765619,0.318780045,0.301258235
DOGE,6/14/2021,0.323448493,0.312362132,0.329500353,0.307728216
DOGE,6/15/2021,0.325676255,0.323939507,0.337699748,0.320140753
DOGE,6/16/2021,0.321917384,0.327738949,0.330687082,0.316587529
DOGE,6/17/2021,0.309663584,0.320330335,0.321483216,0.305264454
DOGE,6/18/2021,0.304203787,0.307786304,0.314186845,0.30250037
DOGE,6/19/2021,0.292749805,0.306266869,0.307727699,0.279952828
DOGE,6/20/2021,0.288069754,0.293546801,0.29792242,0.286354759
DOGE,6/21/2021,0.280498798,0.285912364,0.289784209,0.255712249
DOGE,6/22/2021,0.182566784,0.280558946,0.281299273,0.181589873
DOGE,6/23/2021,0.189036985,0.178709039,0.216829156,0.165967914
DOGE,6/24/2021,0.235911234,0.190876644,0.248558637,0.180684391
DOGE,6/25/2021,0.26246999,0.234843968,0.269211245,0.222172259
DOGE,6/26/2021,0.23681266,0.263757614,0.288008231,0.228980683
DOGE,6/27/2021,0.241428143,0.237592751,0.255353777,0.23091226
DOGE,6/28/2021,0.252231335,0.245768146,0.254175286,0.240506765
DOGE,6/29/2021,0.256938202,0.264607515,0.267103533,0.250573058
DOGE,6/30/2021,0.263863838,0.257075024,0.275649909,0.252584736
DOGE,7/1/2021,0.251818341,0.263453202,0.26383052,0.237873597
DOGE,7/2/2021,0.246855847,0.253901691,0.260639328,0.238230741
DOGE,7/3/2021,0.243435695,0.243854281,0.248739429,0.238577599
DOGE,7/4/2021,0.244377939,0.245030358,0.250286049,0.242304964
DOGE,7/5/2021,0.248881002,0.246274009,0.25280868,0.243285417
DOGE,7/6/2021,0.234833562,0.246323906,0.24632424,0.227047921
DOGE,7/7/2021,0.233075306,0.231081939,0.241593491,0.229376419
DOGE,7/8/2021,0.22986248,0.234054285,0.238455403,0.228526806
DOGE,7/9/2021,0.203562644,0.223882356,0.224739877,0.202607926
DOGE,7/10/2021,0.220062776,0.206910703,0.229504551,0.195418811
DOGE,7/11/2021,0.213090088,0.219621736,0.227688132,0.209737443
DOGE,7/12/2021,0.216847051,0.213686002,0.218950592,0.210623265
DOGE,7/13/2021,0.208342739,0.215844304,0.218377765,0.204122915
DOGE,7/14/2021,0.199194194,0.207583821,0.20867728,0.197479954
DOGE,7/15/2021,0.199145889,0.19983248,0.204678378,0.187461294
DOGE,7/16/2021,0.186358328,0.197621637,0.200744712,0.180980899
DOGE,7/17/2021,0.174019733,0.185184309,0.188244816,0.173926911
DOGE,7/18/2021,0.187266297,0.172020581,0.207317146,0.169018265
DOGE,7/19/2021,0.182076074,0.187437555,0.195922252,0.181016489
DOGE,7/20/2021,0.175495441,0.181571859,0.184160637,0.170532723
DOGE,7/21/2021,0.169323046,0.173636975,0.180559517,0.160012442
DOGE,7/22/2021,0.190550374,0.170544431,0.214442391,0.168498672
DOGE,7/23/2021,0.190271541,0.190488671,0.196412274,0.186711952
DOGE,7/24/2021,0.192074586,0.191305094,0.199785923,0.1831923
DOGE,7/25/2021,0.195292019,0.194968318,0.202753474,0.191242639
DOGE,7/26/2021,0.19532706,0.197077559,0.200835341,0.191655692
DOGE,7/27/2021,0.204601755,0.198017314,0.233026819,0.196924649
DOGE,7/28/2021,0.205013092,0.203730772,0.20951004,0.195204327
DOGE,7/29/2021,0.20558886,0.205953999,0.213847455,0.201923794
DOGE,7/30/2021,0.20340059,0.205767763,0.206204322,0.200487568
DOGE,7/31/2021,0.206824467,0.205053106,0.210598488,0.19601999
DOGE,8/1/2021,0.20921429,0.208592386,0.214349873,0.204718708
DOGE,8/2/2021,0.207532701,0.207657126,0.217737457,0.206124337
DOGE,8/3/2021,0.204465539,0.20439275,0.20998235,0.201866116
DOGE,8/4/2021,0.196965044,0.20335947,0.205057307,0.193593981
DOGE,8/5/2021,0.201702294,0.196290266,0.203113853,0.194743599
DOGE,8/6/2021,0.200778879,0.201542904,0.202155534,0.19479926
DOGE,8/7/2021,0.205399593,0.2009278,0.21191259,0.198623438
DOGE,8/8/2021,0.249939308,0.204712917,0.249957816,0.203559187
DOGE,8/9/2021,0.242983531,0.261924999,0.283341367,0.234964217
DOGE,8/10/2021,0.254889726,0.239926177,0.266459949,0.231823947
DOGE,8/11/2021,0.258342141,0.256118698,0.263089882,0.245941568
DOGE,8/12/2021,0.265215078,0.257346299,0.282679878,0.256469001
DOGE,8/13/2021,0.257404556,0.264614232,0.294718709,0.251849736
DOGE,8/14/2021,0.282304674,0.264132852,0.284665773,0.261746274
DOGE,8/15/2021,0.290011715,0.286678237,0.297982898,0.276084989
DOGE,8/16/2021,0.337355441,0.293989773,0.34960088,0.288504263
DOGE,8/17/2021,0.324346859,0.340102117,0.351720084,0.310419693
DOGE,8/18/2021,0.303953868,0.319703966,0.339667927,0.29484739
DOGE,8/19/2021,0.305945355,0.299386924,0.325160106,0.281619286
DOGE,8/20/2021,0.312428414,0.303406785,0.31881969,0.293900919
DOGE,8/21/2021,0.323954837,0.317610144,0.332831954,0.313635797
DOGE,8/22/2021,0.319278718,0.327317423,0.32995127,0.314885826
DOGE,8/23/2021,0.312326274,0.316918315,0.32186984,0.305417864
DOGE,8/24/2021,0.318814591,0.314855934,0.328054799,0.313071962
DOGE,8/25/2021,0.295809333,0.31793966,0.319610528,0.276476885
DOGE,8/26/2021,0.290226863,0.288862848,0.297001717,0.279844448
DOGE,8/27/2021,0.27418384,0.292653358,0.295810349,0.264358047
DOGE,8/28/2021,0.293017958,0.268547309,0.293925471,0.265319723
DOGE,8/29/2021,0.284429791,0.294645165,0.299544865,0.283148656
DOGE,8/30/2021,0.283240851,0.286085208,0.291888684,0.276712365
DOGE,8/31/2021,0.275010208,0.281142386,0.290384095,0.271528102
DOGE,9/1/2021,0.27494835,0.272081321,0.286020234,0.269945047
DOGE,9/2/2021,0.289733286,0.278265308,0.293941043,0.273047056
DOGE,9/3/2021,0.299559555,0.294465704,0.309489009,0.291904453
DOGE,9/4/2021,0.292348783,0.294800485,0.304741666,0.287381383
DOGE,9/5/2021,0.299636229,0.296236562,0.308851682,0.293346273
DOGE,9/6/2021,0.311547177,0.299320717,0.314320004,0.296507258
DOGE,9/7/2021,0.310076229,0.314449618,0.319961781,0.300268262
DOGE,9/8/2021,0.254551956,0.309155907,0.311354093,0.214819068
DOGE,9/9/2021,0.257122389,0.255348705,0.263491352,0.233828237
DOGE,9/10/2021,0.252396413,0.256834909,0.259706508,0.249117796
DOGE,9/11/2021,0.239641949,0.252680263,0.261966908,0.236558502
DOGE,9/12/2021,0.241073418,0.239851524,0.248014176,0.237964024
DOGE,9/13/2021,0.252790282,0.241174922,0.254404056,0.238994943
DOGE,9/14/2021,0.236625879,0.250270255,0.252245015,0.228403688
DOGE,9/15/2021,0.239787886,0.235915029,0.241781277,0.233994634
DOGE,9/16/2021,0.247570508,0.240722367,0.248075646,0.23904233
DOGE,9/17/2021,0.239230634,0.247702502,0.247906542,0.234481328
DOGE,9/18/2021,0.240428816,0.242011419,0.259666098,0.237645053
DOGE,9/19/2021,0.24070067,0.239931038,0.247462436,0.238131514
DOGE,9/20/2021,0.232178015,0.241377386,0.241487279,0.231471422
DOGE,9/21/2021,0.214145029,0.233088768,0.233470274,0.199145122
DOGE,9/22/2021,0.202688201,0.20856538,0.218098727,0.197894817
DOGE,9/23/2021,0.224239794,0.200942814,0.229159398,0.200336797
DOGE,9/24/2021,0.222777947,0.22456182,0.227437591,0.218184373
DOGE,9/25/2021,0.21005232,0.224770006,0.227679091,0.196866316
DOGE,9/26/2021,0.209276501,0.209302112,0.212749565,0.204655573
DOGE,9/27/2021,0.207163755,0.208510172,0.209108482,0.194516507
DOGE,9/28/2021,0.203379793,0.205115166,0.209411512,0.200449164
DOGE,9/29/2021,0.19886718,0.199841806,0.202642045,0.196651312
DOGE,9/30/2021,0.197171447,0.196648206,0.204273014,0.194844595
DOGE,10/1/2021,0.204229481,0.198679288,0.205843025,0.197613331
DOGE,10/2/2021,0.218527849,0.204242871,0.224456215,0.201916096
DOGE,10/3/2021,0.222241965,0.222663588,0.224810558,0.215249373
DOGE,10/4/2021,0.22053325,0.218531399,0.225947256,0.215786298
DOGE,10/5/2021,0.237848268,0.221793749,0.246661962,0.212578059
DOGE,10/6/2021,0.251368349,0.241486238,0.267929504,0.232836013
DOGE,10/7/2021,0.251253323,0.251728571,0.271910802,0.242542949
DOGE,10/8/2021,0.241949037,0.254036648,0.256689173,0.235871848
DOGE,10/9/2021,0.245459107,0.242754685,0.254684197,0.241427404
DOGE,10/10/2021,0.247057879,0.243903882,0.250944627,0.241074893
DOGE,10/11/2021,0.22980973,0.246610531,0.248236567,0.226338085
DOGE,10/12/2021,0.231100132,0.228792511,0.239435718,0.225010129
DOGE,10/13/2021,0.226036679,0.231253367,0.231688142,0.216390299
DOGE,10/14/2021,0.233246052,0.226124491,0.234112573,0.220509648
DOGE,10/15/2021,0.233083147,0.232619259,0.239870172,0.231196183
DOGE,10/16/2021,0.235077732,0.232520255,0.243365207,0.224194602
DOGE,10/17/2021,0.236791048,0.233947599,0.24543306,0.233632155
DOGE,10/18/2021,0.240150623,0.237060632,0.241777262,0.225501961
DOGE,10/19/2021,0.246037533,0.237702549,0.272563677,0.237461344
DOGE,10/20/2021,0.245770419,0.247360016,0.254520547,0.240226266
DOGE,10/21/2021,0.254961618,0.245444669,0.261731114,0.242183824
DOGE,10/22/2021,0.244415208,0.254702863,0.258231665,0.241716324
DOGE,10/23/2021,0.246602122,0.242440914,0.25267209,0.235352752
DOGE,10/24/2021,0.24848619,0.244481882,0.253793287,0.241110318
DOGE,10/25/2021,0.263616655,0.251159402,0.269873502,0.245879342
DOGE,10/26/2021,0.264906171,0.275634089,0.280322155,0.258836558
DOGE,10/27/2021,0.256498347,0.265086216,0.273618482,0.253048952
DOGE,10/28/2021,0.238265047,0.255936906,0.263623029,0.218464614
DOGE,10/29/2021,0.299021802,0.238228013,0.339860239,0.23264197
DOGE,10/30/2021,0.28823819,0.299861151,0.30688954,0.276271064
DOGE,10/31/2021,0.262501824,0.2882897,0.294775333,0.258177756
DOGE,11/1/2021,0.27699164,0.26902907,0.282748578,0.252227228
